<?xml version="1.0" encoding="UTF-8" standalone="no"?>
<project>
	<configuration id="io.sloeber.core.sketch.0" name="Release">
		<extension point="org.eclipse.cdt.core.LanguageSettingsProvider">
			<provider class="io.sloeber.core.toolchain.ArduinoLanguageProvider" console="false" env-hash="-1759723445669704820" id="io.sloeber.languageSettingsProvider" keep-relative-paths="false" name="Arduino Compiler Settings" parameter="${COMMAND} -E -P -v -dD -D__IN_ECLIPSE__ &quot;${INPUTS}&quot;" prefer-non-shared="true">
				<language-scope id="org.eclipse.cdt.core.gcc"/>
				<language-scope id="org.eclipse.cdt.core.g++"/>
			</provider>
		</extension>
	</configuration>
</project>